タイトル,ソース,URL,日付,記事タイプ,作家名,作品・シリーズ・写真集・展示名,判定ストリートジャンル,一致キーワード,関連度スコア,選んだ理由,自分の撮影に役立ちそうな点
Hans Hickerson – Marseille,Photobook Journal,https://photobookjournal.com/2026/08/17/hans-hickerson-marseille/,2026-08-17,ポートフォリオ/シリーズ (Portfolio or Series),Hans Hickerson,Marseille,ファインアート・ストリート (Fine Art Street),"review, series",19.65,単発ニュースではなく、まとまった作品シリーズ、プロジェクト、ポートフォリオを紹介している可能性が高い記事です。,"反復するモチーフ、写真の並び、編集、1枚ずつの写真がどう意味を積み重ねるかを考える材料になります。 一致キーワード（review, series）を、記事を読むときの観察メモとして使えます。 構図、色、写真の並び、展示文脈によって日常の街の素材が作品になる過程を見ると参考になります。"
Photographers on Photographers: Misael Hernandez in Conversation with Cole Barash,Lenscratch,https://lenscratch.com/2026/08/photographers-on-photographers-misael-hernandez-in-conversation-with-cole-barash/,2026-08-23,インタビュー (Interview),Cole Barash,Misael Hernandez in Conversation with Cole Barash,静かな物語 (Silent Stories),"conversation, in conversation, interview",19.05,インタビュー形式のため、作家本人の考え方や制作プロセスが読める可能性が高い記事です。,"撮影習慣、よく扱う被写体、街で試せる判断基準を拾う材料になります。 一致キーワード（conversation, in conversation, interview）を、記事を読むときの観察メモとして使えます。 特に、不在、痕跡、記憶、静かな人の気配に注目すると撮影へ転用しやすいです。"
In photos: The enduring resistance of Notting Hill Carnival,Huck,https://www.huckmag.com/article/photos-enduring-resistance-notting-hill-carnival-wayne-crichlow-campbell,2026-08-21,写真集 (Photobook),Notting Hill Carnival,The enduring resistance of Notting Hill Carnival,静かな物語 (Silent Stories),photobook,15.05,写真集、モノグラフ、ZINE、出版社に関する語があり、作品が編集・順序・出版を通じて形になっている記事です。,ストリート写真を単発の1枚ではなく、写真集としてどう構成できるかを学ぶ材料になります。 一致キーワード（photobook）を、記事を読むときの観察メモとして使えます。 特に、不在、痕跡、記憶、静かな人の気配に注目すると撮影へ転用しやすいです。
"Book Presentation, Talk & Signing, Lúa Ribeira: Agony in the Garden",The Photographers' Gallery,https://thephotographersgallery.org.uk/whats-on/book-presentation-talk-signing-lua-ribeira-agony-garden,不明,その他 (Other),Book Presentation,Agony in the Garden,静かな物語 (Silent Stories),なし,13.05,一部のストリート写真関連シグナルには一致していますが、記事タイプの根拠は弱めです。,文脈把握として慎重に読み、作家・作品・写真集・展示・受賞との関係が見える場合だけ優先してください。 特に、不在、痕跡、記憶、静かな人の気配に注目すると撮影へ転用しやすいです。
"Turkina Faso is reshaping her multidisciplinary practice through stories of female identity, desire and everyday life",It's Nice That,https://www.itsnicethat.com/articles/turkina-faso-film-project-170826,2026-08-17,作家特集 (Photographer Feature),Turkina Faso,不明,静かな物語 (Silent Stories),"everyday life, fashion, identity, narrative, photographer, practice, project",12.55,一般的な写真ニュースではなく、特定の作家やアーティストの視点・活動に焦点が当たっているため選びました。,"一人の作家がどのように視点、被写体との距離、反復する関心を作っているかを見る材料になります。 一致キーワード（everyday life, fashion, identity, narrative, photographer, practice, project）を、記事を読むときの観察メモとして使えます。 劇的な瞬間だけでなく、公共空間での日常的な振る舞いが画面の構造を作る様子を見ると役立ちます。 特に、不在、痕跡、記憶、静かな人の気配に注目すると撮影へ転用しやすいです。"
"In France, an Exhibition Focuses on the Power of Truth",Aperture,https://aperture.org/editorial/in-france-an-exhibition-focuses-on-the-power-of-truth/,2026-08-21,展示 (Exhibition),Exhibition Focuses,不明,静かな物語 (Silent Stories),"exhibition, memory",11.55,展示、ギャラリー、美術館に関する語があり、作品がどのように文脈化されているかを見られる記事です。,"キュレーション、写真の順番、展示サイズ、ストリート写真が空間体験になる方法を学ぶ材料になります。 一致キーワード（exhibition, memory）を、記事を読むときの観察メモとして使えます。 人が去った後に残る痕跡、不在、記憶、使われた気配を探す視点に転用できます。 特に、不在、痕跡、記憶、静かな人の気配に注目すると撮影へ転用しやすいです。"
How Daisy Chain made it’s brilliantly icky animation for Crack Magazine about a smoker inhaling a fly,It's Nice That,https://www.itsnicethat.com/articles/nicer-tuesdays-london-july-daisy-chain-210826,2026-08-18,ポートフォリオ/シリーズ (Portfolio or Series),Crack Magazine,不明,ストリートポートレート (Street Portrait),"identity, portfolio",11.30,単発ニュースではなく、まとまった作品シリーズ、プロジェクト、ポートフォリオを紹介している可能性が高い記事です。,"反復するモチーフ、写真の並び、編集、1枚ずつの写真がどう意味を積み重ねるかを考える材料になります。 一致キーワード（identity, portfolio）を、記事を読むときの観察メモとして使えます。"
Dark Tales at MPF traces the shadows in documentary photography,British Journal of Photography / 1854,https://www.1854.photography/2026/08/mpf-dark-tales/,2026-08-18,展示 (Exhibition),Dark Tales,不明,ファインアート・ストリート (Fine Art Street),exhibition,10.90,展示、ギャラリー、美術館に関する語があり、作品がどのように文脈化されているかを見られる記事です。,キュレーション、写真の順番、展示サイズ、ストリート写真が空間体験になる方法を学ぶ材料になります。 一致キーワード（exhibition）を、記事を読むときの観察メモとして使えます。 構図、色、写真の並び、展示文脈によって日常の街の素材が作品になる過程を見ると参考になります。
Charlotte Yonga Reimagining Youth And Belonging In Madagascar,PhMuseum,https://phmuseum.com/news/charlotte-yonga-reimagining-youth-and-belonging-in-madagascar,不明,受賞/コンテスト結果 (Award or Contest Result),In Madagascar,不明,ファインアート・ストリート (Fine Art Street),"awards, project",8.65,受賞、ファイナリスト、ショートリストなどの語があり、外部評価を受けた作品を確認できる記事です。,"審査で評価される主題、編集、視覚的な挑戦、現代のストリート写真表現を比較する材料になります。 一致キーワード（awards, project）を、記事を読むときの観察メモとして使えます。 構図、色、写真の並び、展示文脈によって日常の街の素材が作品になる過程を見ると参考になります。"
A Guide To September 2026 Photography Festivals & Exhibitions,PhMuseum,https://phmuseum.com/news/a-guide-to-september-2026-photography-festivals-exhibitions,不明,受賞/コンテスト結果 (Award or Contest Result),Photography Festivals,不明,ファインアート・ストリート (Fine Art Street),"awards, guide, project",8.65,受賞、ファイナリスト、ショートリストなどの語があり、外部評価を受けた作品を確認できる記事です。,"審査で評価される主題、編集、視覚的な挑戦、現代のストリート写真表現を比較する材料になります。 一致キーワード（awards, guide, project）を、記事を読むときの観察メモとして使えます。 構図、色、写真の並び、展示文脈によって日常の街の素材が作品になる過程を見ると参考になります。"
Former Tottenham goalkeeper Alfie Whiteman on his journey from professional footballer to photographer and director,It's Nice That,https://www.itsnicethat.com/articles/nicer-tuesdays-london-july-alfie-whiteman-200826,2026-08-20,作家特集 (Photographer Feature),Alfie Whiteman,不明,静かな物語 (Silent Stories),"photographer, solitude",8.30,一般的な写真ニュースではなく、特定の作家やアーティストの視点・活動に焦点が当たっているため選びました。,"一人の作家がどのように視点、被写体との距離、反復する関心を作っているかを見る材料になります。 一致キーワード（photographer, solitude）を、記事を読むときの観察メモとして使えます。 特に、不在、痕跡、記憶、静かな人の気配に注目すると撮影へ転用しやすいです。"
Ilisa Katz Rissman — April,Photobook Journal,https://photobookjournal.com/2026/08/20/ilisa-katz-rissman-april/,2026-08-20,その他 (Other),Ilisa Katz Rissman,不明,ストリートポートレート (Street Portrait),"portraits, review",7.80,一部のストリート写真関連シグナルには一致していますが、記事タイプの根拠は弱めです。,"文脈把握として慎重に読み、作家・作品・写真集・展示・受賞との関係が見える場合だけ優先してください。 一致キーワード（portraits, review）を、記事を読むときの観察メモとして使えます。"
Charlotte Rohde’s new typeface has heart-dotted i’s and a plan to overwrite problematic men,It's Nice That,https://www.itsnicethat.com/articles/charlotte-rohde-oficia-mono-typography-graphic-design-project-190826,2026-08-19,ポートフォリオ/シリーズ (Portfolio or Series),Charlotte Rohde’s,不明,ファインアート・ストリート (Fine Art Street),project,7.65,単発ニュースではなく、まとまった作品シリーズ、プロジェクト、ポートフォリオを紹介している可能性が高い記事です。,反復するモチーフ、写真の並び、編集、1枚ずつの写真がどう意味を積み重ねるかを考える材料になります。 一致キーワード（project）を、記事を読むときの観察メモとして使えます。 構図、色、写真の並び、展示文脈によって日常の街の素材が作品になる過程を見ると参考になります。
Nouf Aljowaysir highlights AI’s shortcomings in the SWANA region,British Journal of Photography / 1854,https://www.1854.photography/2026/08/nouf-aljowaysir-highlights-ais-shortcomings-in-the-swana-region/,2026-08-17,その他 (Other),Nouf Aljowaysir,不明,都市風景 (Urban Landscape),landscape,-2.00,一部のストリート写真関連シグナルには一致していますが、記事タイプの根拠は弱めです。,文脈把握として慎重に読み、作家・作品・写真集・展示・受賞との関係が見える場合だけ優先してください。 一致キーワード（landscape）を、記事を読むときの観察メモとして使えます。 公共空間、サイン、幾何学的な構成、人が都市の画面をどう動かすかを見ると応用しやすいです。
A brief history of VII Photo Agency,The Independent Photographer,https://independent-photo.com/news/a-brief-history-of-vii-photo-agency/,2026-08-14,その他 (Other),VII Photo Agency,不明,静かな物語 (Silent Stories),なし,-2.95,一部のストリート写真関連シグナルには一致していますが、記事タイプの根拠は弱めです。,文脈把握として慎重に読み、作家・作品・写真集・展示・受賞との関係が見える場合だけ優先してください。 特に、不在、痕跡、記憶、静かな人の気配に注目すると撮影へ転用しやすいです。
How Catherine Opie Learned the Art of Teaching Photography,Aperture,https://aperture.org/editorial/how-catherine-opie-learned-the-art-of-teaching-photography/,2026-08-18,その他 (Other),Teaching Photography,不明,静かな物語 (Silent Stories),なし,-2.95,一部のストリート写真関連シグナルには一致していますが、記事タイプの根拠は弱めです。,文脈把握として慎重に読み、作家・作品・写真集・展示・受賞との関係が見える場合だけ優先してください。 特に、不在、痕跡、記憶、静かな人の気配に注目すると撮影へ転用しやすいです。
Rotterdam studio The Phoney Club is redrawing the rules for AI-made worlds,It's Nice That,https://www.itsnicethat.com/articles/the-phoney-club-graphic-design-discover-180826,2026-08-18,その他 (Other),The Phoney Club,不明,静かな物語 (Silent Stories),なし,-2.95,一部のストリート写真関連シグナルには一致していますが、記事タイプの根拠は弱めです。,文脈把握として慎重に読み、作家・作品・写真集・展示・受賞との関係が見える場合だけ優先してください。 特に、不在、痕跡、記憶、静かな人の気配に注目すると撮影へ転用しやすいです。
"The right not to be perceived: structural refusal, false prophets, and the decolonial frame",British Journal of Photography / 1854,https://www.1854.photography/2026/08/the-right-not-to-be-perceived-structural-refusal-false-prophets-and-the-decolonial-frame/,2026-08-18,その他 (Other),不明,"structural refusal, false prophets, and the decolonial frame",ストリートポートレート (Street Portrait),identity,-3.70,一部のストリート写真関連シグナルには一致していますが、記事タイプの根拠は弱めです。,文脈把握として慎重に読み、作家・作品・写真集・展示・受賞との関係が見える場合だけ優先してください。 一致キーワード（identity）を、記事を読むときの観察メモとして使えます。
Lost photos from the heyday of punk and new wave,Huck,https://www.huckmag.com/article/db-burkeman-lost-photos-heyday-punk-new-wave,2026-08-17,写真集 (Photobook),不明,不明,静かな物語 (Silent Stories),photobook,-4.95,写真集、モノグラフ、ZINE、出版社に関する語があり、作品が編集・順序・出版を通じて形になっている記事です。,ストリート写真を単発の1枚ではなく、写真集としてどう構成できるかを学ぶ材料になります。 一致キーワード（photobook）を、記事を読むときの観察メモとして使えます。 特に、不在、痕跡、記憶、静かな人の気配に注目すると撮影へ転用しやすいです。
What’s hiding inside London homes? Yooree Ko and Owl & Dog Playbooks map a neighbourhood of collectors,It's Nice That,https://www.itsnicethat.com/articles/owl-and-dog-playbooks-yooree-ko-collectors-street-illustration-publication-project-180826,2026-08-18,ポートフォリオ/シリーズ (Portfolio or Series),Dog Playbooks,不明,ファインアート・ストリート (Fine Art Street),project,-8.35,単発ニュースではなく、まとまった作品シリーズ、プロジェクト、ポートフォリオを紹介している可能性が高い記事です。,反復するモチーフ、写真の並び、編集、1枚ずつの写真がどう意味を積み重ねるかを考える材料になります。 一致キーワード（project）を、記事を読むときの観察メモとして使えます。 構図、色、写真の並び、展示文脈によって日常の街の素材が作品になる過程を見ると参考になります。
Ian Teeple’s punk flyers look like they’ve been dragged through a photocopier and a mosh pit,It's Nice That,https://www.itsnicethat.com/articles/ian-teeple-illustration-graphic-design-discover-170826,2026-08-17,その他 (Other),Ian Teeple’s,不明,静かな物語 (Silent Stories),なし,-8.95,一部のストリート写真関連シグナルには一致していますが、記事タイプの根拠は弱めです。,文脈把握として慎重に読み、作家・作品・写真集・展示・受賞との関係が見える場合だけ優先してください。 特に、不在、痕跡、記憶、静かな人の気配に注目すると撮影へ転用しやすいです。
Mattia Balsamini subverts sci-fi cliches of robotics with striking portraits of mechas and mechanical dogs,It's Nice That,https://www.itsnicethat.com/articles/mattia-balsamini-robotics-photography-project-190826,2026-08-19,ポートフォリオ/シリーズ (Portfolio or Series),striking portraits of mechas,不明,ストリートポートレート (Street Portrait),"portraits, project",-9.20,単発ニュースではなく、まとまった作品シリーズ、プロジェクト、ポートフォリオを紹介している可能性が高い記事です。,"反復するモチーフ、写真の並び、編集、1枚ずつの写真がどう意味を積み重ねるかを考える材料になります。 一致キーワード（portraits, project）を、記事を読むときの観察メモとして使えます。"
